{
    "LEFT_SHOULDER": {
        "x": 0.58997,
        "y": 0.82997,
        "z": -0.34843,
        "visibility": 0.962
    },
    "RIGHT_SHOULDER": {
        "x": 0.25121,
        "y": 0.81136,
        "z": -0.11917,
        "visibility": 0.919
    },
    "LEFT_HIP": {
        "x": 0.55002,
        "y": 1.55666,
        "z": -0.07462,
        "visibility": 0.003
    },
    "RIGHT_HIP": {
        "x": 0.32894,
        "y": 1.55599,
        "z": 0.07964,
        "visibility": 0.002
    },
    "NOSE": {
        "x": 0.40237,
        "y": 0.55829,
        "z": -1.02389,
        "visibility": 0.982
    }
}